id,tail_pred_mrr,head_pred_mrr
0,0.625,0.5
1,0.5555556,0.5555556
2,0.625,0.5555556
3,0.71428573,0.5
4,0.625,0.5
5,0.71428573,0.8333333
6,0.23809525,0.23809525
7,0.1923077,0.21739131
8,0.1923077,0.21739131
9,0.2631579,0.2631579
10,0.2,0.2777778
11,0.2,0.2777778
12,0.2,0.2777778
13,,
14,,
15,,
16,,
17,,
18,,
19,,
20,,
21,,
22,,
23,,
24,,
25,,
26,,
27,,
