id,tail_pred_mrr,head_pred_mrr
0,0.625,0.5
1,,
2,,
3,,
4,,
5,,
6,,
7,,
8,,
9,,
10,,
11,,
12,,
13,,
14,,
15,,
16,,
17,,
18,,
19,0.2631579,0.2631579
20,,
21,,
22,,
23,,
24,,
25,,
26,,
27,,
